name,setting,unit,category,context,vartype,source,boot_val,reset_val,pending_restart
DateStyle,"ISO, MDY",,Client Connection Defaults / Locale and Formatting,user,string,configuration file,"ISO, MDY","ISO, MDY",False
IntervalStyle,postgres,,Client Connection Defaults / Locale and Formatting,user,enum,default,postgres,postgres,False
TimeZone,Europe/Berlin,,Client Connection Defaults / Locale and Formatting,user,string,configuration file,GMT,Europe/Berlin,False
allow_alter_system,on,,Version and Platform Compatibility / Other Platforms and Clients,sighup,bool,default,on,on,False
allow_in_place_tablespaces,off,,Developer Options,superuser,bool,default,off,off,False
allow_system_table_mods,off,,Developer Options,superuser,bool,default,off,off,False
application_name,,,Reporting and Logging / What to Log,user,string,default,,,False
archive_cleanup_command,,,Write-Ahead Log / Archive Recovery,sighup,string,default,,,False
archive_command,(disabled),,Write-Ahead Log / Archiving,sighup,string,default,,,False
archive_library,,,Write-Ahead Log / Archiving,sighup,string,default,,,False
archive_mode,off,,Write-Ahead Log / Archiving,postmaster,enum,default,off,off,False
archive_timeout,0,s,Write-Ahead Log / Archiving,sighup,integer,default,0,0,False
array_nulls,on,,Version and Platform Compatibility / Previous PostgreSQL Versions,user,bool,default,on,on,False
authentication_timeout,60,s,Connections and Authentication / Authentication,sighup,integer,default,60,60,False
autovacuum,on,,Vacuuming / Automatic Vacuuming,sighup,bool,default,on,on,False
autovacuum_analyze_scale_factor,0.1,,Vacuuming / Automatic Vacuuming,sighup,real,default,0.1,0.1,False
autovacuum_analyze_threshold,50,,Vacuuming / Automatic Vacuuming,sighup,integer,default,50,50,False
autovacuum_freeze_max_age,200000000,,Vacuuming / Automatic Vacuuming,postmaster,integer,default,200000000,200000000,False
autovacuum_max_workers,3,,Vacuuming / Automatic Vacuuming,sighup,integer,default,3,3,False
autovacuum_multixact_freeze_max_age,400000000,,Vacuuming / Automatic Vacuuming,postmaster,integer,default,400000000,400000000,False
autovacuum_naptime,60,s,Vacuuming / Automatic Vacuuming,sighup,integer,default,60,60,False
autovacuum_vacuum_cost_delay,2,ms,Vacuuming / Automatic Vacuuming,sighup,real,default,2,2,False
autovacuum_vacuum_cost_limit,-1,,Vacuuming / Automatic Vacuuming,sighup,integer,default,-1,-1,False
autovacuum_vacuum_insert_scale_factor,0.2,,Vacuuming / Automatic Vacuuming,sighup,real,default,0.2,0.2,False
autovacuum_vacuum_insert_threshold,1000,,Vacuuming / Automatic Vacuuming,sighup,integer,default,1000,1000,False
autovacuum_vacuum_max_threshold,100000000,,Vacuuming / Automatic Vacuuming,sighup,integer,default,100000000,100000000,False
autovacuum_vacuum_scale_factor,0.2,,Vacuuming / Automatic Vacuuming,sighup,real,default,0.2,0.2,False
autovacuum_vacuum_threshold,50,,Vacuuming / Automatic Vacuuming,sighup,integer,default,50,50,False
autovacuum_work_mem,-1,kB,Resource Usage / Memory,sighup,integer,default,-1,-1,False
autovacuum_worker_slots,16,,Vacuuming / Automatic Vacuuming,postmaster,integer,configuration file,16,16,False
backend_flush_after,0,8kB,Resource Usage / I/O,user,integer,default,0,0,False
backslash_quote,safe_encoding,,Version and Platform Compatibility / Previous PostgreSQL Versions,user,enum,default,safe_encoding,safe_encoding,False
backtrace_functions,,,Developer Options,superuser,string,default,,,False
bgwriter_delay,200,ms,Resource Usage / Background Writer,sighup,integer,default,200,200,False
bgwriter_flush_after,0,8kB,Resource Usage / Background Writer,sighup,integer,default,0,0,False
bgwriter_lru_maxpages,100,,Resource Usage / Background Writer,sighup,integer,default,100,100,False
bgwriter_lru_multiplier,2,,Resource Usage / Background Writer,sighup,real,default,2,2,False
block_size,8192,,Preset Options,internal,integer,default,8192,8192,False
bonjour,off,,Connections and Authentication / Connection Settings,postmaster,bool,default,off,off,False
bonjour_name,,,Connections and Authentication / Connection Settings,postmaster,string,default,,,False
bytea_output,hex,,Client Connection Defaults / Statement Behavior,user,enum,default,hex,hex,False
check_function_bodies,on,,Client Connection Defaults / Statement Behavior,user,bool,default,on,on,False
checkpoint_completion_target,0.9,,Write-Ahead Log / Checkpoints,sighup,real,default,0.9,0.9,False
checkpoint_flush_after,0,8kB,Write-Ahead Log / Checkpoints,sighup,integer,default,0,0,False
checkpoint_timeout,300,s,Write-Ahead Log / Checkpoints,sighup,integer,default,300,300,False
checkpoint_warning,30,s,Write-Ahead Log / Checkpoints,sighup,integer,default,30,30,False
client_connection_check_interval,0,ms,Connections and Authentication / TCP Settings,user,integer,default,0,0,False
client_encoding,UTF8,,Client Connection Defaults / Locale and Formatting,user,string,default,SQL_ASCII,UTF8,False
client_min_messages,notice,,Client Connection Defaults / Statement Behavior,user,enum,default,notice,notice,False
cluster_name,,,Reporting and Logging / Process Title,postmaster,string,default,,,False
commit_delay,0,,Write-Ahead Log / Settings,superuser,integer,default,0,0,False
commit_siblings,5,,Write-Ahead Log / Settings,user,integer,default,5,5,False
commit_timestamp_buffers,32,8kB,Resource Usage / Memory,postmaster,integer,default,0,32,False
compute_query_id,auto,,Statistics / Monitoring,superuser,enum,default,auto,auto,False
config_file,C:/Users/Paul/Desktop/dev/surveyCatalyst/postgres/data/postgresql.conf,,File Locations,postmaster,string,override,,C:/Users/Paul/Desktop/dev/surveyCatalyst/postgres/data/postgresql.conf,False
constraint_exclusion,partition,,Query Tuning / Other Planner Options,user,enum,default,partition,partition,False
cpu_index_tuple_cost,0.005,,Query Tuning / Planner Cost Constants,user,real,default,0.005,0.005,False
cpu_operator_cost,0.0025,,Query Tuning / Planner Cost Constants,user,real,default,0.0025,0.0025,False
cpu_tuple_cost,0.01,,Query Tuning / Planner Cost Constants,user,real,default,0.01,0.01,False
createrole_self_grant,,,Client Connection Defaults / Statement Behavior,user,string,default,,,False
cursor_tuple_fraction,0.1,,Query Tuning / Other Planner Options,user,real,default,0.1,0.1,False
data_checksums,on,,Preset Options,internal,bool,default,off,on,False
data_directory,C:/Users/Paul/Desktop/dev/surveyCatalyst/postgres/data,,File Locations,postmaster,string,override,,C:/Users/Paul/Desktop/dev/surveyCatalyst/postgres/data,False
data_directory_mode,0700,,Preset Options,internal,integer,default,448,448,False
data_sync_retry,off,,Error Handling,postmaster,bool,default,off,off,False
deadlock_timeout,1000,ms,Lock Management,superuser,integer,default,1000,1000,False
debug_assertions,off,,Preset Options,internal,bool,default,off,off,False
debug_discard_caches,0,,Developer Options,superuser,integer,default,0,0,False
debug_io_direct,,,Developer Options,postmaster,string,default,,,False
debug_logical_replication_streaming,buffered,,Developer Options,user,enum,default,buffered,buffered,False
debug_parallel_query,off,,Developer Options,user,enum,default,off,off,False
debug_pretty_print,on,,Reporting and Logging / What to Log,user,bool,default,on,on,False
debug_print_parse,off,,Reporting and Logging / What to Log,user,bool,default,off,off,False
debug_print_plan,off,,Reporting and Logging / What to Log,user,bool,default,off,off,False
debug_print_rewritten,off,,Reporting and Logging / What to Log,user,bool,default,off,off,False
default_statistics_target,100,,Query Tuning / Other Planner Options,user,integer,default,100,100,False
default_table_access_method,heap,,Client Connection Defaults / Statement Behavior,user,string,default,heap,heap,False
default_tablespace,,,Client Connection Defaults / Statement Behavior,user,string,default,,,False
default_text_search_config,pg_catalog.english,,Client Connection Defaults / Locale and Formatting,user,string,configuration file,pg_catalog.simple,pg_catalog.english,False
default_toast_compression,pglz,,Client Connection Defaults / Statement Behavior,user,enum,default,pglz,pglz,False
default_transaction_deferrable,off,,Client Connection Defaults / Statement Behavior,user,bool,default,off,off,False
default_transaction_isolation,read committed,,Client Connection Defaults / Statement Behavior,user,enum,default,read committed,read committed,False
default_transaction_read_only,off,,Client Connection Defaults / Statement Behavior,user,bool,default,off,off,False
dynamic_library_path,$libdir,,Client Connection Defaults / Other Defaults,superuser,string,default,$libdir,$libdir,False
dynamic_shared_memory_type,windows,,Resource Usage / Memory,postmaster,enum,configuration file,windows,windows,False
effective_cache_size,524288,8kB,Query Tuning / Planner Cost Constants,user,integer,default,524288,524288,False
effective_io_concurrency,16,,Resource Usage / I/O,user,integer,default,16,16,False
enable_async_append,on,,Query Tuning / Planner Method Configuration,user,bool,default,on,on,False
enable_bitmapscan,on,,Query Tuning / Planner Method Configuration,user,bool,default,on,on,False
enable_distinct_reordering,on,,Query Tuning / Planner Method Configuration,user,bool,default,on,on,False
enable_gathermerge,on,,Query Tuning / Planner Method Configuration,user,bool,default,on,on,False
enable_group_by_reordering,on,,Query Tuning / Planner Method Configuration,user,bool,default,on,on,False
enable_hashagg,on,,Query Tuning / Planner Method Configuration,user,bool,default,on,on,False
enable_hashjoin,on,,Query Tuning / Planner Method Configuration,user,bool,default,on,on,False
enable_incremental_sort,on,,Query Tuning / Planner Method Configuration,user,bool,default,on,on,False
enable_indexonlyscan,on,,Query Tuning / Planner Method Configuration,user,bool,default,on,on,False
enable_indexscan,on,,Query Tuning / Planner Method Configuration,user,bool,default,on,on,False
enable_material,on,,Query Tuning / Planner Method Configuration,user,bool,default,on,on,False
enable_memoize,on,,Query Tuning / Planner Method Configuration,user,bool,default,on,on,False
enable_mergejoin,on,,Query Tuning / Planner Method Configuration,user,bool,default,on,on,False
enable_nestloop,on,,Query Tuning / Planner Method Configuration,user,bool,default,on,on,False
enable_parallel_append,on,,Query Tuning / Planner Method Configuration,user,bool,default,on,on,False
enable_parallel_hash,on,,Query Tuning / Planner Method Configuration,user,bool,default,on,on,False
enable_partition_pruning,on,,Query Tuning / Planner Method Configuration,user,bool,default,on,on,False
enable_partitionwise_aggregate,off,,Query Tuning / Planner Method Configuration,user,bool,default,off,off,False
enable_partitionwise_join,off,,Query Tuning / Planner Method Configuration,user,bool,default,off,off,False
enable_presorted_aggregate,on,,Query Tuning / Planner Method Configuration,user,bool,default,on,on,False
enable_self_join_elimination,on,,Query Tuning / Planner Method Configuration,user,bool,default,on,on,False
enable_seqscan,on,,Query Tuning / Planner Method Configuration,user,bool,default,on,on,False
enable_sort,on,,Query Tuning / Planner Method Configuration,user,bool,default,on,on,False
enable_tidscan,on,,Query Tuning / Planner Method Configuration,user,bool,default,on,on,False
escape_string_warning,on,,Version and Platform Compatibility / Previous PostgreSQL Versions,user,bool,default,on,on,False
event_source,PostgreSQL,,Reporting and Logging / Where to Log,postmaster,string,default,PostgreSQL,PostgreSQL,False
event_triggers,on,,Client Connection Defaults / Statement Behavior,superuser,bool,default,on,on,False
exit_on_error,off,,Error Handling,user,bool,default,off,off,False
extension_control_path,$system,,Client Connection Defaults / Other Defaults,superuser,string,default,$system,$system,False
external_pid_file,,,File Locations,postmaster,string,default,,,False
extra_float_digits,1,,Client Connection Defaults / Locale and Formatting,user,integer,default,1,1,False
file_copy_method,copy,,Resource Usage / Disk,user,enum,default,copy,copy,False
file_extend_method,write_zeros,,Resource Usage / Disk,sighup,enum,default,write_zeros,write_zeros,False
from_collapse_limit,8,,Query Tuning / Other Planner Options,user,integer,default,8,8,False
fsync,on,,Write-Ahead Log / Settings,sighup,bool,default,on,on,False
full_page_writes,on,,Write-Ahead Log / Settings,sighup,bool,default,on,on,False
geqo,on,,Query Tuning / Genetic Query Optimizer,user,bool,default,on,on,False
geqo_effort,5,,Query Tuning / Genetic Query Optimizer,user,integer,default,5,5,False
geqo_generations,0,,Query Tuning / Genetic Query Optimizer,user,integer,default,0,0,False
geqo_pool_size,0,,Query Tuning / Genetic Query Optimizer,user,integer,default,0,0,False
geqo_seed,0,,Query Tuning / Genetic Query Optimizer,user,real,default,0,0,False
geqo_selection_bias,2,,Query Tuning / Genetic Query Optimizer,user,real,default,2,2,False
geqo_threshold,12,,Query Tuning / Genetic Query Optimizer,user,integer,default,12,12,False
gin_fuzzy_search_limit,0,,Client Connection Defaults / Other Defaults,user,integer,default,0,0,False
gin_pending_list_limit,4096,kB,Client Connection Defaults / Statement Behavior,user,integer,default,4096,4096,False
gss_accept_delegation,off,,Connections and Authentication / Authentication,sighup,bool,default,off,off,False
hash_mem_multiplier,2,,Resource Usage / Memory,user,real,default,2,2,False
hba_file,C:/Users/Paul/Desktop/dev/surveyCatalyst/postgres/data/pg_hba.conf,,File Locations,postmaster,string,override,,C:/Users/Paul/Desktop/dev/surveyCatalyst/postgres/data/pg_hba.conf,False
hot_standby,on,,Replication / Standby Servers,postmaster,bool,default,on,on,False
hot_standby_feedback,off,,Replication / Standby Servers,sighup,bool,default,off,off,False
huge_page_size,0,kB,Resource Usage / Memory,postmaster,integer,default,0,0,False
huge_pages,try,,Resource Usage / Memory,postmaster,enum,default,try,try,False
huge_pages_status,off,,Preset Options,internal,enum,default,unknown,off,False
icu_validation_level,warning,,Client Connection Defaults / Locale and Formatting,user,enum,default,warning,warning,False
ident_file,C:/Users/Paul/Desktop/dev/surveyCatalyst/postgres/data/pg_ident.conf,,File Locations,postmaster,string,override,,C:/Users/Paul/Desktop/dev/surveyCatalyst/postgres/data/pg_ident.conf,False
idle_in_transaction_session_timeout,0,ms,Client Connection Defaults / Statement Behavior,user,integer,default,0,0,False
idle_replication_slot_timeout,0,s,Replication / Sending Servers,sighup,integer,default,0,0,False
idle_session_timeout,0,ms,Client Connection Defaults / Statement Behavior,user,integer,default,0,0,False
ignore_checksum_failure,off,,Developer Options,superuser,bool,default,off,off,False
ignore_invalid_pages,off,,Developer Options,postmaster,bool,default,off,off,False
ignore_system_indexes,off,,Developer Options,backend,bool,default,off,off,False
in_hot_standby,off,,Preset Options,internal,bool,default,off,off,False
integer_datetimes,on,,Preset Options,internal,bool,default,on,on,False
io_combine_limit,16,8kB,Resource Usage / I/O,user,integer,default,16,16,False
io_max_combine_limit,16,8kB,Resource Usage / I/O,postmaster,integer,default,16,16,False
io_max_concurrency,64,,Resource Usage / I/O,postmaster,integer,default,-1,64,False
io_method,worker,,Resource Usage / I/O,postmaster,enum,default,worker,worker,False
io_workers,3,,Resource Usage / I/O,sighup,integer,default,3,3,False
jit,on,,Query Tuning / Other Planner Options,user,bool,default,on,on,False
jit_above_cost,100000,,Query Tuning / Planner Cost Constants,user,real,default,100000,100000,False
jit_debugging_support,off,,Developer Options,superuser-backend,bool,default,off,off,False
jit_dump_bitcode,off,,Developer Options,superuser,bool,default,off,off,False
jit_expressions,on,,Developer Options,user,bool,default,on,on,False
jit_inline_above_cost,500000,,Query Tuning / Planner Cost Constants,user,real,default,500000,500000,False
jit_optimize_above_cost,500000,,Query Tuning / Planner Cost Constants,user,real,default,500000,500000,False
jit_profiling_support,off,,Developer Options,superuser-backend,bool,default,off,off,False
jit_provider,llvmjit,,Client Connection Defaults / Shared Library Preloading,postmaster,string,default,llvmjit,llvmjit,False
jit_tuple_deforming,on,,Developer Options,user,bool,default,on,on,False
join_collapse_limit,8,,Query Tuning / Other Planner Options,user,integer,default,8,8,False
krb_caseins_users,off,,Connections and Authentication / Authentication,sighup,bool,default,off,off,False
krb_server_keyfile,,,Connections and Authentication / Authentication,sighup,string,default,,,False
lc_messages,C,,Client Connection Defaults / Locale and Formatting,superuser,string,configuration file,,C,False
lc_monetary,C,,Client Connection Defaults / Locale and Formatting,user,string,configuration file,C,C,False
lc_numeric,C,,Client Connection Defaults / Locale and Formatting,user,string,configuration file,C,C,False
lc_time,C,,Client Connection Defaults / Locale and Formatting,user,string,configuration file,C,C,False
listen_addresses,localhost,,Connections and Authentication / Connection Settings,postmaster,string,default,localhost,localhost,False
lo_compat_privileges,off,,Version and Platform Compatibility / Previous PostgreSQL Versions,superuser,bool,default,off,off,False
local_preload_libraries,,,Client Connection Defaults / Shared Library Preloading,user,string,default,,,False
lock_timeout,0,ms,Client Connection Defaults / Statement Behavior,user,integer,default,0,0,False
log_autovacuum_min_duration,600000,ms,Reporting and Logging / What to Log,sighup,integer,default,600000,600000,False
log_checkpoints,on,,Reporting and Logging / What to Log,sighup,bool,default,on,on,False
log_connections,,,Reporting and Logging / What to Log,superuser-backend,string,default,,,False
log_destination,stderr,,Reporting and Logging / Where to Log,sighup,string,default,stderr,stderr,False
log_directory,log,,Reporting and Logging / Where to Log,sighup,string,configuration file,log,log,False
log_disconnections,off,,Reporting and Logging / What to Log,superuser-backend,bool,default,off,off,False
log_duration,off,,Reporting and Logging / What to Log,superuser,bool,default,off,off,False
log_error_verbosity,default,,Reporting and Logging / What to Log,superuser,enum,default,default,default,False
log_executor_stats,off,,Statistics / Monitoring,superuser,bool,default,off,off,False
log_file_mode,0640,,Reporting and Logging / Where to Log,sighup,integer,configuration file,384,416,False
log_filename,postgresql-%Y-%m-%d_%H%M%S.log,,Reporting and Logging / Where to Log,sighup,string,configuration file,postgresql-%Y-%m-%d_%H%M%S.log,postgresql-%Y-%m-%d_%H%M%S.log,False
log_hostname,off,,Reporting and Logging / What to Log,sighup,bool,default,off,off,False
log_line_prefix,%m [%p] ,,Reporting and Logging / What to Log,sighup,string,default,%m [%p] ,%m [%p] ,False
log_lock_failures,off,,Reporting and Logging / What to Log,superuser,bool,default,off,off,False
log_lock_waits,off,,Reporting and Logging / What to Log,superuser,bool,default,off,off,False
log_min_duration_sample,-1,ms,Reporting and Logging / When to Log,superuser,integer,default,-1,-1,False
log_min_duration_statement,-1,ms,Reporting and Logging / When to Log,superuser,integer,default,-1,-1,False
log_min_error_statement,error,,Reporting and Logging / When to Log,superuser,enum,default,error,error,False
log_min_messages,info,,Reporting and Logging / When to Log,superuser,enum,configuration file,warning,info,False
log_parameter_max_length,-1,B,Reporting and Logging / What to Log,superuser,integer,default,-1,-1,False
log_parameter_max_length_on_error,0,B,Reporting and Logging / What to Log,user,integer,default,0,0,False
log_parser_stats,off,,Statistics / Monitoring,superuser,bool,default,off,off,False
log_planner_stats,off,,Statistics / Monitoring,superuser,bool,default,off,off,False
log_recovery_conflict_waits,off,,Reporting and Logging / What to Log,sighup,bool,default,off,off,False
log_replication_commands,off,,Reporting and Logging / What to Log,superuser,bool,default,off,off,False
log_rotation_age,1440,min,Reporting and Logging / Where to Log,sighup,integer,default,1440,1440,False
log_rotation_size,10240,kB,Reporting and Logging / Where to Log,sighup,integer,default,10240,10240,False
log_startup_progress_interval,10000,ms,Reporting and Logging / When to Log,sighup,integer,default,10000,10000,False
log_statement,none,,Reporting and Logging / What to Log,superuser,enum,configuration file,none,none,False
log_statement_sample_rate,1,,Reporting and Logging / When to Log,superuser,real,default,1,1,False
log_statement_stats,off,,Statistics / Monitoring,superuser,bool,default,off,off,False
log_temp_files,-1,kB,Reporting and Logging / What to Log,superuser,integer,default,-1,-1,False
log_timezone,Europe/Berlin,,Reporting and Logging / What to Log,sighup,string,configuration file,GMT,Europe/Berlin,False
log_transaction_sample_rate,0,,Reporting and Logging / When to Log,superuser,real,default,0,0,False
log_truncate_on_rotation,off,,Reporting and Logging / Where to Log,sighup,bool,default,off,off,False
logging_collector,on,,Reporting and Logging / Where to Log,postmaster,bool,configuration file,off,on,False
logical_decoding_work_mem,65536,kB,Resource Usage / Memory,user,integer,default,65536,65536,False
maintenance_io_concurrency,16,,Resource Usage / I/O,user,integer,default,16,16,False
maintenance_work_mem,65536,kB,Resource Usage / Memory,user,integer,default,65536,65536,False
max_active_replication_origins,10,,Replication / Subscribers,postmaster,integer,default,10,10,False
max_connections,100,,Connections and Authentication / Connection Settings,postmaster,integer,configuration file,100,100,False
max_files_per_process,1000,,Resource Usage / Kernel Resources,postmaster,integer,default,1000,1000,False
max_function_args,100,,Preset Options,internal,integer,default,100,100,False
max_identifier_length,63,,Preset Options,internal,integer,default,63,63,False
max_index_keys,32,,Preset Options,internal,integer,default,32,32,False
max_locks_per_transaction,64,,Lock Management,postmaster,integer,default,64,64,False
max_logical_replication_workers,4,,Replication / Subscribers,postmaster,integer,default,4,4,False
max_notify_queue_pages,1048576,,Resource Usage / Disk,postmaster,integer,default,1048576,1048576,False
max_parallel_apply_workers_per_subscription,2,,Replication / Subscribers,sighup,integer,default,2,2,False
max_parallel_maintenance_workers,2,,Resource Usage / Worker Processes,user,integer,default,2,2,False
max_parallel_workers,8,,Resource Usage / Worker Processes,user,integer,default,8,8,False
max_parallel_workers_per_gather,2,,Resource Usage / Worker Processes,user,integer,default,2,2,False
max_pred_locks_per_page,2,,Lock Management,sighup,integer,default,2,2,False
max_pred_locks_per_relation,-2,,Lock Management,sighup,integer,default,-2,-2,False
max_pred_locks_per_transaction,64,,Lock Management,postmaster,integer,default,64,64,False
max_prepared_transactions,0,,Resource Usage / Memory,postmaster,integer,default,0,0,False
max_replication_slots,10,,Replication / Sending Servers,postmaster,integer,default,10,10,False
max_slot_wal_keep_size,-1,MB,Replication / Sending Servers,sighup,integer,default,-1,-1,False
max_stack_depth,2048,kB,Resource Usage / Memory,superuser,integer,default,100,2048,False
max_standby_archive_delay,30000,ms,Replication / Standby Servers,sighup,integer,default,30000,30000,False
max_standby_streaming_delay,30000,ms,Replication / Standby Servers,sighup,integer,default,30000,30000,False
max_sync_workers_per_subscription,2,,Replication / Subscribers,sighup,integer,default,2,2,False
max_wal_senders,10,,Replication / Sending Servers,postmaster,integer,default,10,10,False
max_wal_size,1024,MB,Write-Ahead Log / Checkpoints,sighup,integer,configuration file,1024,1024,False
max_worker_processes,8,,Resource Usage / Worker Processes,postmaster,integer,default,8,8,False
md5_password_warnings,on,,Connections and Authentication / Authentication,user,bool,default,on,on,False
min_dynamic_shared_memory,0,MB,Resource Usage / Memory,postmaster,integer,default,0,0,False
min_parallel_index_scan_size,64,8kB,Query Tuning / Planner Cost Constants,user,integer,default,64,64,False
min_parallel_table_scan_size,1024,8kB,Query Tuning / Planner Cost Constants,user,integer,default,1024,1024,False
min_wal_size,80,MB,Write-Ahead Log / Checkpoints,sighup,integer,configuration file,80,80,False
multixact_member_buffers,32,8kB,Resource Usage / Memory,postmaster,integer,default,32,32,False
multixact_offset_buffers,16,8kB,Resource Usage / Memory,postmaster,integer,default,16,16,False
notify_buffers,16,8kB,Resource Usage / Memory,postmaster,integer,default,16,16,False
num_os_semaphores,174,,Preset Options,internal,integer,default,0,174,False
oauth_validator_libraries,,,Connections and Authentication / Authentication,sighup,string,default,,,False
parallel_leader_participation,on,,Resource Usage / Worker Processes,user,bool,default,on,on,False
parallel_setup_cost,1000,,Query Tuning / Planner Cost Constants,user,real,default,1000,1000,False
parallel_tuple_cost,0.1,,Query Tuning / Planner Cost Constants,user,real,default,0.1,0.1,False
password_encryption,scram-sha-256,,Connections and Authentication / Authentication,user,enum,default,scram-sha-256,scram-sha-256,False
pg_stat_statements.max,5000,,Customized Options,postmaster,integer,default,5000,5000,False
pg_stat_statements.save,on,,Customized Options,sighup,bool,default,on,on,False
pg_stat_statements.track,top,,Customized Options,superuser,enum,default,top,top,False
pg_stat_statements.track_planning,off,,Customized Options,superuser,bool,default,off,off,False
pg_stat_statements.track_utility,on,,Customized Options,superuser,bool,default,on,on,False
plan_cache_mode,auto,,Query Tuning / Other Planner Options,user,enum,default,auto,auto,False
port,55433,,Connections and Authentication / Connection Settings,postmaster,integer,command line,5432,55433,False
post_auth_delay,0,s,Developer Options,backend,integer,default,0,0,False
pre_auth_delay,0,s,Developer Options,sighup,integer,default,0,0,False
primary_conninfo,,,Replication / Standby Servers,sighup,string,default,,,False
primary_slot_name,,,Replication / Standby Servers,sighup,string,default,,,False
quote_all_identifiers,off,,Version and Platform Compatibility / Previous PostgreSQL Versions,user,bool,default,off,off,False
random_page_cost,4,,Query Tuning / Planner Cost Constants,user,real,default,4,4,False
recovery_end_command,,,Write-Ahead Log / Archive Recovery,sighup,string,default,,,False
recovery_init_sync_method,fsync,,Error Handling,sighup,enum,default,fsync,fsync,False
recovery_min_apply_delay,0,ms,Replication / Standby Servers,sighup,integer,default,0,0,False
recovery_prefetch,try,,Write-Ahead Log / Recovery,sighup,enum,default,try,try,False
recovery_target,,,Write-Ahead Log / Recovery Target,postmaster,string,default,,,False
recovery_target_action,pause,,Write-Ahead Log / Recovery Target,postmaster,enum,default,pause,pause,False
recovery_target_inclusive,on,,Write-Ahead Log / Recovery Target,postmaster,bool,default,on,on,False
recovery_target_lsn,,,Write-Ahead Log / Recovery Target,postmaster,string,default,,,False
recovery_target_name,,,Write-Ahead Log / Recovery Target,postmaster,string,default,,,False
recovery_target_time,,,Write-Ahead Log / Recovery Target,postmaster,string,default,,,False
recovery_target_timeline,latest,,Write-Ahead Log / Recovery Target,postmaster,string,default,latest,latest,False
recovery_target_xid,,,Write-Ahead Log / Recovery Target,postmaster,string,default,,,False
recursive_worktable_factor,10,,Query Tuning / Other Planner Options,user,real,default,10,10,False
remove_temp_files_after_crash,on,,Developer Options,sighup,bool,default,on,on,False
reserved_connections,0,,Connections and Authentication / Connection Settings,postmaster,integer,default,0,0,False
restart_after_crash,on,,Error Handling,sighup,bool,default,on,on,False
restore_command,,,Write-Ahead Log / Archive Recovery,sighup,string,default,,,False
restrict_nonsystem_relation_kind,,,Client Connection Defaults / Statement Behavior,user,string,default,,,False
row_security,on,,Client Connection Defaults / Statement Behavior,user,bool,default,on,on,False
scram_iterations,4096,,Connections and Authentication / Authentication,user,integer,default,4096,4096,False
search_path,"""$user"", public",,Client Connection Defaults / Statement Behavior,user,string,default,"""$user"", public","""$user"", public",False
segment_size,131072,8kB,Preset Options,internal,integer,default,131072,131072,False
send_abort_for_crash,off,,Developer Options,sighup,bool,default,off,off,False
send_abort_for_kill,off,,Developer Options,sighup,bool,default,off,off,False
seq_page_cost,1,,Query Tuning / Planner Cost Constants,user,real,default,1,1,False
serializable_buffers,32,8kB,Resource Usage / Memory,postmaster,integer,default,32,32,False
server_encoding,UTF8,,Preset Options,internal,string,default,SQL_ASCII,UTF8,False
server_version,18.3,,Preset Options,internal,string,default,18.3,18.3,False
server_version_num,180003,,Preset Options,internal,integer,default,180003,180003,False
session_preload_libraries,,,Client Connection Defaults / Shared Library Preloading,superuser,string,default,,,False
session_replication_role,origin,,Client Connection Defaults / Statement Behavior,superuser,enum,default,origin,origin,False
shared_buffers,16384,8kB,Resource Usage / Memory,postmaster,integer,configuration file,16384,16384,False
shared_memory_size,153,MB,Preset Options,internal,integer,default,0,153,False
shared_memory_size_in_huge_pages,-1,,Preset Options,internal,integer,default,-1,-1,False
shared_memory_type,windows,,Resource Usage / Memory,postmaster,enum,default,windows,windows,False
shared_preload_libraries,pg_stat_statements,,Client Connection Defaults / Shared Library Preloading,postmaster,string,configuration file,,pg_stat_statements,False
ssl,off,,Connections and Authentication / SSL,sighup,bool,default,off,off,False
ssl_ca_file,,,Connections and Authentication / SSL,sighup,string,default,,,False
ssl_cert_file,server.crt,,Connections and Authentication / SSL,sighup,string,default,server.crt,server.crt,False
ssl_ciphers,HIGH:MEDIUM:+3DES:!aNULL,,Connections and Authentication / SSL,sighup,string,default,HIGH:MEDIUM:+3DES:!aNULL,HIGH:MEDIUM:+3DES:!aNULL,False
ssl_crl_dir,,,Connections and Authentication / SSL,sighup,string,default,,,False
ssl_crl_file,,,Connections and Authentication / SSL,sighup,string,default,,,False
ssl_dh_params_file,,,Connections and Authentication / SSL,sighup,string,default,,,False
ssl_groups,X25519:prime256v1,,Connections and Authentication / SSL,sighup,string,default,X25519:prime256v1,X25519:prime256v1,False
ssl_key_file,server.key,,Connections and Authentication / SSL,sighup,string,default,server.key,server.key,False
ssl_library,OpenSSL,,Preset Options,internal,string,default,OpenSSL,OpenSSL,False
ssl_max_protocol_version,,,Connections and Authentication / SSL,sighup,enum,default,,,False
ssl_min_protocol_version,TLSv1.2,,Connections and Authentication / SSL,sighup,enum,default,TLSv1.2,TLSv1.2,False
ssl_passphrase_command,,,Connections and Authentication / SSL,sighup,string,default,,,False
ssl_passphrase_command_supports_reload,off,,Connections and Authentication / SSL,sighup,bool,default,off,off,False
ssl_prefer_server_ciphers,on,,Connections and Authentication / SSL,sighup,bool,default,on,on,False
ssl_tls13_ciphers,,,Connections and Authentication / SSL,sighup,string,default,,,False
standard_conforming_strings,on,,Version and Platform Compatibility / Previous PostgreSQL Versions,user,bool,default,on,on,False
statement_timeout,0,ms,Client Connection Defaults / Statement Behavior,user,integer,default,0,0,False
stats_fetch_consistency,cache,,Statistics / Cumulative Query and Index Statistics,user,enum,default,cache,cache,False
subtransaction_buffers,32,8kB,Resource Usage / Memory,postmaster,integer,default,0,32,False
summarize_wal,off,,Write-Ahead Log / Summarization,sighup,bool,default,off,off,False
superuser_reserved_connections,3,,Connections and Authentication / Connection Settings,postmaster,integer,default,3,3,False
sync_replication_slots,off,,Replication / Standby Servers,sighup,bool,default,off,off,False
synchronize_seqscans,on,,Version and Platform Compatibility / Previous PostgreSQL Versions,user,bool,default,on,on,False
synchronized_standby_slots,,,Replication / Primary Server,sighup,string,default,,,False
synchronous_commit,on,,Write-Ahead Log / Settings,user,enum,default,on,on,False
synchronous_standby_names,,,Replication / Primary Server,sighup,string,default,,,False
syslog_facility,none,,Reporting and Logging / Where to Log,sighup,enum,default,none,none,False
syslog_ident,postgres,,Reporting and Logging / Where to Log,sighup,string,default,postgres,postgres,False
syslog_sequence_numbers,on,,Reporting and Logging / Where to Log,sighup,bool,default,on,on,False
syslog_split_messages,on,,Reporting and Logging / Where to Log,sighup,bool,default,on,on,False
tcp_keepalives_count,10,,Connections and Authentication / TCP Settings,user,integer,default,0,0,False
tcp_keepalives_idle,-1,s,Connections and Authentication / TCP Settings,user,integer,default,0,0,False
tcp_keepalives_interval,-1,s,Connections and Authentication / TCP Settings,user,integer,default,0,0,False
tcp_user_timeout,0,ms,Connections and Authentication / TCP Settings,user,integer,default,0,0,False
temp_buffers,1024,8kB,Resource Usage / Memory,user,integer,default,1024,1024,False
temp_file_limit,-1,kB,Resource Usage / Disk,superuser,integer,default,-1,-1,False
temp_tablespaces,,,Client Connection Defaults / Statement Behavior,user,string,default,,,False
timezone_abbreviations,Default,,Client Connection Defaults / Locale and Formatting,user,string,default,,Default,False
trace_connection_negotiation,off,,Developer Options,postmaster,bool,default,off,off,False
trace_notify,off,,Developer Options,user,bool,default,off,off,False
trace_sort,off,,Developer Options,user,bool,default,off,off,False
track_activities,on,,Statistics / Cumulative Query and Index Statistics,superuser,bool,default,on,on,False
track_activity_query_size,1024,B,Statistics / Cumulative Query and Index Statistics,postmaster,integer,default,1024,1024,False
track_commit_timestamp,off,,Replication / Sending Servers,postmaster,bool,default,off,off,False
track_cost_delay_timing,off,,Statistics / Cumulative Query and Index Statistics,superuser,bool,default,off,off,False
track_counts,on,,Statistics / Cumulative Query and Index Statistics,superuser,bool,default,on,on,False
track_functions,none,,Statistics / Cumulative Query and Index Statistics,superuser,enum,default,none,none,False
track_io_timing,off,,Statistics / Cumulative Query and Index Statistics,superuser,bool,default,off,off,False
track_wal_io_timing,off,,Statistics / Cumulative Query and Index Statistics,superuser,bool,default,off,off,False
transaction_buffers,32,8kB,Resource Usage / Memory,postmaster,integer,default,0,32,False
transaction_deferrable,off,,Client Connection Defaults / Statement Behavior,user,bool,override,off,off,False
transaction_isolation,read committed,,Client Connection Defaults / Statement Behavior,user,enum,override,read committed,read committed,False
transaction_read_only,off,,Client Connection Defaults / Statement Behavior,user,bool,override,off,off,False
transaction_timeout,0,ms,Client Connection Defaults / Statement Behavior,user,integer,default,0,0,False
transform_null_equals,off,,Version and Platform Compatibility / Other Platforms and Clients,user,bool,default,off,off,False
unix_socket_directories,,,Connections and Authentication / Connection Settings,postmaster,string,default,,,False
unix_socket_group,,,Connections and Authentication / Connection Settings,postmaster,string,default,,,False
unix_socket_permissions,0777,,Connections and Authentication / Connection Settings,postmaster,integer,default,511,511,False
update_process_title,off,,Reporting and Logging / Process Title,superuser,bool,default,off,off,False
vacuum_buffer_usage_limit,2048,kB,Resource Usage / Memory,user,integer,default,2048,2048,False
vacuum_cost_delay,0,ms,Vacuuming / Cost-Based Vacuum Delay,user,real,default,0,0,False
vacuum_cost_limit,200,,Vacuuming / Cost-Based Vacuum Delay,user,integer,default,200,200,False
vacuum_cost_page_dirty,20,,Vacuuming / Cost-Based Vacuum Delay,user,integer,default,20,20,False
vacuum_cost_page_hit,1,,Vacuuming / Cost-Based Vacuum Delay,user,integer,default,1,1,False
vacuum_cost_page_miss,2,,Vacuuming / Cost-Based Vacuum Delay,user,integer,default,2,2,False
vacuum_failsafe_age,1600000000,,Vacuuming / Freezing,user,integer,default,1600000000,1600000000,False
vacuum_freeze_min_age,50000000,,Vacuuming / Freezing,user,integer,default,50000000,50000000,False
vacuum_freeze_table_age,150000000,,Vacuuming / Freezing,user,integer,default,150000000,150000000,False
vacuum_max_eager_freeze_failure_rate,0.03,,Vacuuming / Freezing,user,real,default,0.03,0.03,False
vacuum_multixact_failsafe_age,1600000000,,Vacuuming / Freezing,user,integer,default,1600000000,1600000000,False
vacuum_multixact_freeze_min_age,5000000,,Vacuuming / Freezing,user,integer,default,5000000,5000000,False
vacuum_multixact_freeze_table_age,150000000,,Vacuuming / Freezing,user,integer,default,150000000,150000000,False
vacuum_truncate,on,,Vacuuming / Default Behavior,user,bool,default,on,on,False
wal_block_size,8192,,Preset Options,internal,integer,default,8192,8192,False
wal_buffers,512,8kB,Write-Ahead Log / Settings,postmaster,integer,default,-1,512,False
wal_compression,off,,Write-Ahead Log / Settings,superuser,enum,default,off,off,False
wal_consistency_checking,,,Developer Options,superuser,string,default,,,False
wal_decode_buffer_size,524288,B,Write-Ahead Log / Recovery,postmaster,integer,default,524288,524288,False
wal_init_zero,on,,Write-Ahead Log / Settings,superuser,bool,default,on,on,False
wal_keep_size,0,MB,Replication / Sending Servers,sighup,integer,default,0,0,False
wal_level,replica,,Write-Ahead Log / Settings,postmaster,enum,default,replica,replica,False
wal_log_hints,off,,Write-Ahead Log / Settings,postmaster,bool,default,off,off,False
wal_receiver_create_temp_slot,off,,Replication / Standby Servers,sighup,bool,default,off,off,False
wal_receiver_status_interval,10,s,Replication / Standby Servers,sighup,integer,default,10,10,False
wal_receiver_timeout,60000,ms,Replication / Standby Servers,sighup,integer,default,60000,60000,False
wal_recycle,on,,Write-Ahead Log / Settings,superuser,bool,default,on,on,False
wal_retrieve_retry_interval,5000,ms,Replication / Standby Servers,sighup,integer,default,5000,5000,False
wal_segment_size,16777216,B,Preset Options,internal,integer,default,16777216,16777216,False
wal_sender_timeout,60000,ms,Replication / Sending Servers,user,integer,default,60000,60000,False
wal_skip_threshold,2048,kB,Write-Ahead Log / Settings,user,integer,default,2048,2048,False
wal_summary_keep_time,14400,min,Write-Ahead Log / Summarization,sighup,integer,default,14400,14400,False
wal_sync_method,open_datasync,,Write-Ahead Log / Settings,sighup,enum,default,open_datasync,open_datasync,False
wal_writer_delay,200,ms,Write-Ahead Log / Settings,sighup,integer,default,200,200,False
wal_writer_flush_after,128,8kB,Write-Ahead Log / Settings,sighup,integer,default,128,128,False
work_mem,4096,kB,Resource Usage / Memory,user,integer,default,4096,4096,False
xmlbinary,base64,,Client Connection Defaults / Statement Behavior,user,enum,default,base64,base64,False
xmloption,content,,Client Connection Defaults / Statement Behavior,user,enum,default,content,content,False
zero_damaged_pages,off,,Developer Options,superuser,bool,default,off,off,False
